"Country","Happiness.Score","HDI","Population","Unemployment","GDP..2018.international...","Area..km.2.","Electricity.consumption.GW.h.yr.","Gini.Index","Index.of.Economic.Freedom","Median.wealth.per.adult..US.dollars.","Revenues..millions.USD.","Expenditures..millions.USD.","Surplus..or.deficit...millions.USD.","Real.GDP.growth.rate","average.Temperature.F","Education.Index","Natural.Disaster.Risk....","Environmental.Vulnerabilty.Index","CO2.Emissions.per.Capita..metric.tons.","Net.Exports.per.capita.USD","Life.Expectancy.at.Birth","X2019.mortality.rate..under.5..per.1000.live.births.","Overall.mean.BMI..kg.m2.","Democracy.Index","Incarceration.rate.per.100.000.population","Homicides.per.100.000","Ethnic.Fractionalization","Linguistic.Fractionalization","Religious.Fractionalization","Social.progress.index","Healthcare.Efficiency.Index","Marriages.per.1000","Divorces.per.1000","M.D.ratio","Gender.Equality.Index","Religiosity"
"Afghanistan",2.567,"0.511","32890171","11.2","83337636266","652860","6023","N/A","53","640","1992","6636","-4644","-5","54.68","0.398","0.095","289","0.3","14","63.2","60.3","21.6","2.85","87","6.66","0.7693","0.6141","0.2717","42.29","0.325","N/A","N/A","N/A","0.444","0.97"
"Albania",4.883,"0.795","2845955","11.9","39653392851","27400","4849","29","65.2","14731","3486","3765","-279","2.2","52.52","0.715","0.095","330","1.6","424","78","9.7","26.1","6.08","164","2.29","0.2204","0.0399","0.4719","75.41","0.774","8.1","1.7","4.76","0.77","0.5"
"Algeria",5.005,"0.748","44700000","11.5","496200052508","2381741","62062","27.6","49.7","3267","41474","58397","-16923","0.7","72.5","0.658","0.0736","275","3.9","1537","77.1","23.3","26.2","3.77","153","1.36","0.3394","0.4427","0.0091","69.92","0.701","10.1","1.6","6.31","0.633","0.95"
"Argentina",5.975,"0.845","45808747","11.7","1035949340413","2736690","125030","41.2","52.7","3164","126414","170113","-43699","-2.2","58.64","0.808","0.0356","287","4.7","1754","76.6","9.3","27.7","6.95","230","5.32","0.255","0.0618","0.2236","80.66","0.722","N/A","N/A","N/A","0.752","0.65"
"Armenia",4.677,"0.776","2967900","17.5","38417341116","28470","5791","33.6","71.9","8309","2536","2910","-374","4.5","44.87","0.73","0.0607","247","2","551","76","11.8","26.7","5.35","74","1.69","0.1272","0.1291","0.4576","76.46","0.63","6","1","6","0.673","0.79"
"Australia",7.223,"0.944","25766558","7.1","1275026604984","7692020","241020","35.8","82.4","181361","459546","593856","-134310","1.8","70.97","0.939","0.0422","238","16.8","10446","83","3.6","27.2","8.96","160","0.89","0.0929","0.3349","0.8211","91.29","0.876","4.6","2","2.3","0.731","0.32"
"Austria",7.294,"0.922","8933346","5.4","502771138676","82520","66849","30.5","73.9","94070","209667","252524","-42857","1.6","43.43","0.82","0.0339","369","8.2","18897","81.6","3.5","25.4","8.16","95","0.97","0.1068","0.1522","0.4146","89.5","0.959","5.3","1.8","2.94","0.777","0.55"
"Azerbaijan",5.165,"0.756","10122148","6","144573505574","82654","20286","26.6","70.1","5150","9852","10400","-548","2.3","53.51","0.723","0.0554","354","3.5","3186","71.4","20.4","27.4","2.68","208","2.2","0.2047","0.2054","0.4899","64.11","0.626","9.7","1.5","6.47","0.688","0.39"
"Bahrain",6.227,"0.852","1483756","0.8","74287027092","780","27447","N/A","69.9","30946","5463","9281","-3818","1.8","80.87","0.717","0.0169","326","21.8","N/A","75.8","6.9","28.2","2.49","234","0.52","0.5021","0.4344","0.5528","66.6","0.824","N/A","N/A","N/A","0.632","0.94"
"Bangladesh",4.833,"0.632","170352272","4.2","733561248619","130170","70594","32.4","56.5","2787","25971","47569","-21598","3.8","77","0.457","0.1917","340","0.6","195","74.3","30.8","21","5.99","52","2.37","0.0454","0.0925","0.209","55.23","0.675","N/A","N/A","N/A","0.719","1"
"Belarus",5.54,"0.823","9408350","4.6","183324275683","202980","32736","25.4","61","7931","22800","22540","260","1.2","43.07","0.834","0.0311","239","6.8","3989","74.8","3.2","26.6","2.59","343","2.39","0.3222","0.4666","0.6116","77","0.723","9.2","4.1","2.24","0.758","0.34"
"Belgium",6.864,"0.931","11554449","5.1","597058697423","30280","82051","27.7","70.1","117093","251395","308553","-57158","1.4","49.19","0.841","0.0307","387","9.2","10870","81.4","3.4","25.5","7.51","95","1.7","0.5554","0.5409","0.2127","89.46","0.915","3.9","2.1","1.86","0.789","0.33"
"Benin",5.216,"0.545","12506347","2","37158284361","112760","1188","47.8","59.6","845","1372","2261","-889","2","81.59","0.414","0.1139","278","0.7","104","63.4","90.3","23.4","5.09","70","1.1","0.7872","0.7905","0.5544","55.56","0.647","N/A","N/A","N/A","0.653","0.93"
"Bolivia",5.747,"0.718","11797257","3.5","100586269210","1083300","9057","44","42.7","3843","15010","17350","-2340","-7.9","70.79","0.656","0.0458","250","2","1123","72.1","26","25.9","5.08","164","6.3","0.7396","0.224","0.2085","69.23","0.571","N/A","N/A","N/A","0.722","0.89"
"Bosnia and Herzegovina",5.674,"0.78","3332593","18.4","49634148336","51200","12253","33","62.9","13037","7798","7996","-198","-6.5","49.73","0.694","0.061","N/A","7.8","942","76.8","5.9","26.1","4.84","N/A","1.17","0.63","0.6751","0.6851","72.74","0.664","4.8","0.6","8","0.713","0.77"
"Botswana",3.479,"0.735","2410338","18.7","40687546271","566730","3301","53.3","67.6","4550","5609","6072","-463","-9.6","70.7","0.658","0.0514","181","3.2","3535","62.2","41.6","24.7","7.62","208","15.04","0.4102","0.411","0.5986","69.36","0.338","N/A","N/A","N/A","0.716","0.77"
"Brazil",6.376,"0.765","212890089","14.6","3129612725335","8358140","597234","53.3","53.4","5031","382441","611308","-228867","1.1","76.91","0.681","0.0409","373","2.4","1180","75.9","11","25.9","6.92","357","27.38","0.5408","0.0468","0.6054","73.91","0.573","6.6","1.4","4.71","0.695","0.87"
"Bulgaria",5.102,"0.816","6951482","5.7","158775695748","108560","33134","37.4","70.4","18948","19530","20310","-780","-4","50.99","0.778","0.0422","323","6.3","4061","75.1","6.7","26","6.71","109","1.3","0.4021","0.3031","0.5965","79.86","0.639","4.1","1.5","2.73","0.746","0.34"
"Burkina Faso",4.769,"0.452","21510181","6.4","43094804969","273600","1760","35.3","56.5","589","2635","3332","-697","-2","82.85","0.262","0.0954","229","0.2","149","62.7","87.5","22.1","3.73","37","1.3","0.7377","0.7228","0.5798","49.87","0.543","N/A","N/A","N/A","0.651","0.88"
"Burundi",3.775,"0.433","12574571","1.4","8711138069","25680","339","38.6","49.9","250","608","749","-141","1.8","67.64","0.395","0.1028","288","0","12","63.8","56.5","20.9","2.14","96","6.02","0.2951","0.2977","0.5158","41.2","0.494","N/A","N/A","N/A","0.769","0.98"
"Cambodia",4.848,"0.594","15552211","0.7","69183270853","176520","8402","N/A","57.3","2029","4268","4690","-422","-2.8","80.24","0.459","0.1658","270","0.7","189","70.1","26.6","21.9","3.1","220","1.84","0.2105","0.2104","0.0965","56.27","0.322","N/A","N/A","N/A","0.685","0.96"
"Cameroon",5.085,"0.563","24348251","3.4","93012146160","472710","6743","46.6","53.4","1036","5154","6964","-1810","-2.8","76.28","0.493","0.1091","229","0.6","251","62.4","74.8","24.4","2.77","124","1.4","0.8635","0.8898","0.7338","51.29","0.357","N/A","N/A","N/A","0.692","0.96"
"Canada",7.232,"0.929","38390828","7.5","1855771204644","8965590","549263","34","77.9","107004","598434","917271","-318837","1.6","22.37","0.89","0.0301","251","16.1","13286","82.2","4.9","27.2","9.24","104","1.76","0.7124","0.5772","0.6958","91.4","0.881","4.4","2.1","2.1","0.772","0.42"
"Central African Republic",3.476,"0.397","5633412","3.7","4456987618","622980","140","56.2","48.8","244","231","271","-40","-1","76.82","0.338","0.0703","193","0.1","28","53.1","110.1","22.4","1.32","16","19.76","0.8295","0.8334","0.7916","31.62","N/A","N/A","N/A","N/A","N/A","0.94"
"Chad",4.423,"0.398","16818391","1.9","24973582398","1259200","213","43.3","50.4","435","1178","1522","-344","-0.7","79.79","0.28","0.1085","217","0","267","59.6","113.8","22.3","1.55","59","9.04","0.862","0.8635","0.6411","31.29","0.303","N/A","N/A","N/A","0.593","0.95"
"Chile",6.228,"0.851","19678363","12.3","463832041067","743532","74992","46.6","75.2","19231","50660","72024","-8160","1.1","47.21","0.784","0.1165","287","5","4232","80.7","7","27.8","8.28","209","4.4","0.1861","0.1871","0.3841","83.34","0.87","3.3","0.7","4.71","0.716","0.7"
"China",5.124,"0.761","1407141200","N/A","21730684677909","9424702.9","7225500","38.6","58.4","20942","3622313","5388814","-1766501","1.9","44.51","0.631","0.0639","360","8","1704","77.4","7.9","23.9","2.27","121","0.53","0.1538","0.1327","0.6643","66.12","0.485","7.2","3.2","2.25","0.682","N/A"
"Colombia",6.163,"0.767","51049498","14.7","743037024276","1109500","70203","49.7","68.1","5325","68813","93921","-25108","-8.2","76.1","0.63","0.0645","296","1.8","1133","79.3","13.8","25.9","7.04","193","25.34","0.6014","0.0193","0.1478","74","0.91","2.3","0.7","3.29","0.725","0.83"
"Comoros",4.289,"0.554","758316","4.4","2612830027","1861","93.37","45.3","55.7","1679","149","183","-34","1.9","77.99","0.469","0.0729","277","0.3","N/A","67.4","62.9","24.1","3.09","27","7.7","0","0.0103","0.0137","N/A","0.592","N/A","N/A","N/A","N/A","0.97"
"Congo (Brazzaville)",5.194,"N/A","N/A","N/A","N/A","N/A","N/A","N/A","N/A","N/A","N/A","N/A","N/A","N/A","N/A","N/A","N/A","N/A","N/A","N/A","N/A","N/A","N/A","N/A","N/A","N/A","N/A","N/A","N/A","N/A","N/A","N/A","N/A","N/A","N/A","N/A"
"Congo (Kinshasa)",4.311,"N/A","N/A","N/A","N/A","N/A","N/A","N/A","N/A","N/A","N/A","N/A","N/A","N/A","N/A","N/A","N/A","N/A","N/A","N/A","N/A","N/A","N/A","N/A","N/A","N/A","N/A","N/A","N/A","N/A","N/A","N/A","N/A","N/A","N/A","N/A"
"Costa Rica",7.121,"0.81","5163038","22","99354588664","51060","10065","48.3","64.2","11793","8262","11340","-3078","2.1","76.64","0.684","0.17","354","1.8","2432","80.8","8.6","26.9","8.16","374","11.26","0.2368","0.0489","0.241","83.01","0.849","5.3","2.5","2.12","0.786","0.79"
"Croatia",5.505,"0.851","4047200","8","114617743866","56590","17475","31.1","63.6","29183","25790","26920","-1130","-9","51.62","0.798","0.0397","343","4.7","3332","78.6","4.8","25.5","6.5","84","0.58","0.369","0.0763","0.4447","81.92","0.812","4.9","1.5","3.27","0.733","0.7"
"Cyprus",6.159,"0.887","888005","10.5","34574175051","9240","4524","34","71.4","28803","7677","7875","-198","-6.4","65.21","0.786","0.0268","314","6.3","N/A","83.1","2.3","27","7.56","N/A","1.26","0.0939","0.3962","0.3962","86.64","0.906","6.8","2.2","3.09","0.707","0.75"
"Czech Republic",6.911,"N/A","10707839","2.9","429335963330","77200","63920","25.9","73.8","20854","98263","115932","-17669","-6.5","45.59","N/A","0.0337","315","10.4","16660","N/A","3.2","26.9","7.67","180","0.6","0.3222","0.3233","0.6591","86.69","0.805","5.1","2.3","2.22","0.711","0.21"
"Denmark",7.646,"0.94","5840045","5.8","331502619456","40000","32703","28.2","77.8","58784","180287","193831","-13544","-4.5","45.5","0.923","0.0289","345","5.8","17323","81.3","3.8","25.3","9.15","68","1.01","0.0819","0.1049","0.2333","92.11","0.862","5.6","2.6","2.15","0.768","0.19"
"Dominican Republic",5.689,"0.756","10535535","5.9","192667405086","48310","16067","45.7","62.1","N/A","11180","12770","-1590","-6","76.19","0.622","0.1096","324","2.3","1003","72.8","28","26.7","6.32","243","10.05","0.4294","0.0395","0.3118","71.05","0.789","4.4","1.8","2.44","0.699","0.87"
"Ecuador",5.925,"0.759","17694676","4.9","202186033689","248360","24605","44.7","52.4","6399","32300","37700","-5400","0.1","71.33","0.665","0.0753","304","2.6","1679","78.4","14","27","6.13","224","5.8","0.655","0.1308","0.1417","75.45","0.619","5.6","1.1","5.09","0.739","0.82"
"Egypt",4.151,"0.707","101641382","5.7","1145113927246","N/A","150579","31.8","55.7","4900","69331","96432","-27101","3.5","71.78","0.601","0.0229","298","2.5","300","71.8","20.3","29.2","2.93","116","2.51","0.1836","0.0237","0.1979","59.98","0.752","11","1.9","5.79","0.639","0.97"
"El Salvador",6.348,"0.673","6825935","4.2","56623752911","20720","6212","38","61","10148","5756","6751","-995","-9","76.01","0.584","0.1605","348","1.2","784","75","13.3","27.4","5.9","572","52.02","0.1978","0","0.3559","67.25","N/A","3.5","0.8","4.38","0.738","N/A"
"Estonia",6.022,"0.892","1329460","8.1","48064476468","43470","8858","32.7","78.2","24915","9772","9890","-118","-5.2","41.18","0.877","0.0236","280","18.6","12060","78.9","2.4","25.5","7.84","176","2.12","0.5062","0.4944","0.4985","87.26","0.714","5","2.4","2.08","0.733","0.16"
"Ethiopia",4.186,"0.485","117876000","2.1","235176795335","1129300.4","8986","35","51.7","1360","12110","14630","-2520","1.9","71.96","0.318","0.0704","260","0.2","35","68.7","50.7","20.6","3.38","127","7.56","0.7235","0.8073","0.6249","48.59","0.276","N/A","N/A","N/A","0.691","1"
"Finland",7.809,"0.938","5506902","8.4","272319030456","303920","84207","27.1","76.1","55532","142215","160544","-18329","1","35.06","0.847","0.0221","265","8.8","14181","81.6","2.4","25.9","9.2","53","1.63","0.1315","0.1412","0.2531","91.89","0.881","4.3","2.4","1.79","0.861","0.28"
"France",6.664,"0.901","67399000","8.6","3120958807400","547557","449422","32.7","65.7","101942","1334944","1609710","-274766","1.3","51.26","0.839","0.0262","361","5","N/A","82.5","4.5","25.3","7.99","90","1.2","0.1032","0.1221","0.4029","88.78","0.994","3.7","1.9","1.95","0.784","0.3"
"Gabon",4.829,"0.703","2233272","20.1","31982589532","257670","2230","38","58.1","6035","3122","3991","-869","-2.7","77.09","0.618","0.0604","211","3.2","4661","66.5","42.5","25.5","3.54","241","8.04","0.769","0.7821","0.6674","63.93","0.511","N/A","N/A","N/A","N/A","N/A"
"Gambia",4.751,"0.496","2335504","N/A","N/A","N/A","291","N/A","N/A","693","187","370","-183","N/A","81.5","0.358","0.1207","277","0.3","92","65.5","N/A","24","4.49","31","9.13","0.7864","0.8076","0.097","N/A","0.482","N/A","N/A","N/A","N/A","N/A"
"Georgia",4.673,"0.812","3716858","20.4","54383410980","69490","12179","37.9","77.2","5226","4260","4852","-592","-5","42.44","0.794","0.0627","261","2.8","702","73.3","9.6","27.2","5.31","246","2.22","0.4923","0.4749","0.6543","74.85","0.615","6.9","1.3","5.31","0.732","0.81"
"Germany",7.076,"0.947","83190556","4.5","4514794305293","349380","524268","31.7","72.5","35313","1729224","2038247","-309203","0.6","47.3","0.914","0.0295","357","9.1","18316","81.7","3.8","26.3","8.67","69","0.95","0.1682","0.1642","0.6571","90.56","0.902","4.9","1.9","2.58","0.796","0.4"
"Ghana",5.148,"0.611","30955202","4.5","158272063272","227540","8842","43.5","59.2","1706","9236","12380","-3144","0.9","80.96","0.551","0.0839","279","0.7","489","66.3","46.2","24.2","6.5","43","2.1","0.6733","0.6731","0.7987","64.86","0.522","N/A","N/A","N/A","0.666","0.95"
"Greece",5.515,"0.888","10718565","16.1","325789646050","128900","53635","36","60.9","40000","93889","111371","-17482","1.9","59.72","0.83","0.067","353","6.5","3374","81.1","3.8","27.3","7.39","108","0.94","0.1576","0.03","0.153","85.78","0.933","4.7","1.8","2.61","0.689","0.71"
"Guatemala",6.399,"0.663","17109746","2.5","141365506390","107160","10570","48.3","64","N/A","8335","9600","-1265","-2","74.21","0.508","0.1988","338","1.2","655","72","24.5","26.5","4.97","139","22.5","0.5122","0.4586","0.3753","61.67","0.713","3.8","1.2","3.17","0.655","0.88"
"Guinea",4.949,"0.477","12907395","4.3","31748138613","245720","1983","33.7","56.5","802","1559","1868","-309","1.4","78.26","0.33","0.082","254","0.2","101","61","98.8","22.7","3.08","28","8.82","0.7389","0.7725","0.2649","43.41","0.385","N/A","N/A","N/A","0.66","0.97"
"Haiti",3.721,"0.51","11743017","13.9","20120446470","27560","359","41.1","50.8","214","1580","2251","-671","-1.2","76.82","0.425","0.1168","343","0.3","79","64.1","62.8","24.1","4.22","97","6.68","0.095","0","0.4704","48.79","0.517","N/A","N/A","N/A","N/A","0.85"
"Honduras",5.953,"0.634","9450711","5.2","55666121201","111890","6696","50.5","59.8","N/A","4376","5086","-710","-6.6","74.3","0.518","0.1068","273","1.1","919","71.9","16.8","26.4","5.36","237","38.93","0.1867","0.0553","0.2357","62.41","0.544","N/A","N/A","N/A","0.716","N/A"
"Hong Kong",5.51,"0.949","7474200","6.4","N/A","N/A","44730","N/A","N/A","N/A","57184","97436","-40252","-1.2","N/A","0.822","N/A","309","6.1","66808","N/A","N/A","N/A","5.57","N/A","0.65","0.062","0.2128","0.4191","N/A","N/A","N/A","N/A","N/A","N/A","0.24"
"Hungary",6,"0.854","9731000","4.4","308700187469","91260","41621","30.4","67.2","17666","65689","78103","-12414","-6.1","49.55","0.834","0.0532","363","5.4","10107","76.4","3.7","26.3","6.56","169","2.5","0.1522","0.0297","0.5244","81.02","0.743","5.2","1.7","3.06","0.688","0.39"
"Iceland",7.504,"0.949","368590","5.4","20366868989","100830","18679","27.8","77.4","165961","9962","9735","227","1.9","35.15","0.906","0.0152","298","12.1","15627","82.3","2","25.9","9.37","33","0.89","0.0798","0.082","0.1913","91.09","0.932","4.9","1.8","2.72","0.892","N/A"
"India",3.573,"0.645","1374708176","6.6","8995056925543","2973190","1547000","35.7","56.5","3042","468739","807771","-339032","-10.3","74.57","0.624","0.0664","385","1.9","256","70.8","34.3","21.9","6.61","35","3.08","0.4182","0.8069","0.326","56.8","0.617","N/A","N/A","N/A","0.625","0.9"
"Indonesia",5.286,"0.718","270203917","7.1","3115566265269","1877519","263139","38.1","66.9","1977","128550","197306","-68756","-1.5","78.53","0.622","0.1024","316","2.1","693","71.3","23.9","22.9","6.3","92","0.4","0.7351","0.768","0.234","69.49","0.66","N/A","N/A","N/A","0.688","0.99"
"Iran",4.672,"0.783","84291390","11.2","N/A","N/A","254724","40","47.2","5254","57273","115463","-58190","-7.6","63.05","0.704","0.0473","313","8.9","1211","77.3","13.9","26.2","2.2","228","2.47","0.6684","0.7462","0.1152","67.49","0.659","11.2","1.6","7","0.582","0.73"
"Iraq",4.785,"0.674","41190700","12.8","419373526692","434128","43971","29.5","N/A","7331","54756","85972","-31216","-12.1","70.52","0.5","0.0449","344","4.8","2582","72.4","25.9","28","3.62","126","9.85","0.3689","0.3694","0.4844","63.52","0.637","N/A","N/A","N/A","0.535","0.84"
"Ireland",7.094,"0.955","4977400","7.2","411091813767","68890","27203","31.8","81.4","104842","93221","117149","-23928","-3","48.74","0.91","0.046","318","7.7","26168","81.8","3.3","27.5","9.05","N/A","0.87","0.1206","0.0312","0.155","90.35","0.924","4.6","0.7","6.57","0.8","0.54"
"Israel",7.129,"0.919","9326420","4.7","357633413445","21640","56391","38.9","73.8","58066","128865","178465","-49600","-5.9","66.56","0.87","N/A","380","7.9","7469","82.6","3.7","26.3","7.84","234","1.36","0.3436","0.5525","0.3469","83.62","0.884","6.5","1.8","3.61","0.724","0.51"
"Italy",6.387,"0.892","59304696","9.8","2587030339783","297730","297150","35.4","64.9","91889","863785","1103721","-239936","0.3","56.21","0.814","0.0442","386","5.8","8466","83","3.1","26","7.74","89","0.57","0.1145","0.1147","0.3027","87.36","0.991","3.2","1.5","2.13","0.721","0.72"
"Ivory Coast",5.233,"0.538","27087732","3.4","N/A","N/A","6686","N/A","61.7","N/A","N/A","N/A","N/A","1.8","79.43","N/A","N/A","N/A","0.6","N/A","N/A","N/A","N/A","4.11","N/A","N/A","0.8204","0.7842","0.7551","N/A","N/A","N/A","N/A","N/A","N/A","N/A"
"Jamaica",5.89,"0.734","2734093","7.9","29253953823","10830","3025","45.5","69","6798","4207","4150","57","1","76.91","0.678","0.1183","381","2.7","652","76","13.9","27.4","7.13","138","43.85","0.4129","0.1098","0.616","74.75","0.782","7.5","1.5","5","0.741","0.7"
"Japan",5.871,"0.919","125620000","3","5230146551512","364500","902842","32.1","74.1","110408","1666454","2362676","-696222","0.7","52.07","0.842","0.1299","389","9.4","5050","84.3","2.5","22.6","8.13","38","0.26","0.0119","0.0178","0.5406","90.14","0.957","4.8","1.7","2.82","0.656","0.24"
"Jordan",4.633,"0.729","10904244","14.6","100420802562","88780","17384","33.7","64.6","10947","9157","11810","-2653","2","64.94","0.701","0.0458","310","2.6","830","77.9","15.6","28.9","3.62","198","1.4","0.5926","0.0396","0.0659","71.5","0.698","10.2","2.6","3.92","0.683","0.96"
"Kazakhstan",6.058,"0.825","18891304","5","477876448362","2699700","91668","27.5","71.1","6642","29576","38318","-8742","-2.7","43.52","0.805","0.0356","215","16.8","4937","74","10.5","27.4","3.14","157","5","0.6171","0.6621","0.5898","72.66","0.752","8.6","2.3","3.74","0.71","0.53"
"Kenya",4.583,"0.601","47564296","2.6","221144073979","569140","8722","40.8","54.9","3553","15370","20180","-4810","1","76.55","0.518","0.0677","262","0.4","139","66.1","43.2","23","5.05","81","4.93","0.8588","0.886","0.7765","57.1","0.505","N/A","N/A","N/A","0.692","0.94"
"Kosovo",6.325,"N/A","1782115","25.9","20041776670","10887","5715","N/A","66.5","N/A","1396","1610","-214","-4.5","N/A","N/A","N/A","N/A","N/A","N/A","N/A","N/A","N/A","N/A","N/A","2.4","N/A","N/A","N/A","N/A","N/A","N/A","N/A","N/A","N/A","N/A"
"Kuwait",6.102,"0.806","4464521","2.3","213773808102","17820","59278","N/A","64.1","46218","61174","70401","-9227","0.7","77.63","0.611","0.0328","323","23.9","26269","81","7.9","30","3.8","117","1.8","0.6604","0.3444","0.6745","77.47","0.81","5.2","2.2","2.36","0.621","0.91"
"Kyrgyzstan",5.542,"0.697","6626800","6.6","N/A","N/A","11740","N/A","63.7","2412","2050","2304","-254","-12","34.79","0.721","0.0786","234","1.7","312","74.2","18.3","26.2","4.21","161","2.19","0.6752","0.5949","0.447","68.65","0.455","9.7","1.6","6.06","N/A","0.72"
"Laos",4.889,"0.613","7337783","0.6","N/A","N/A","4059","N/A","53.9","2002","3144","4098","-954","0.2","73.04","0.474","0.0559","243","0.5","357","68.5","45.5","22.6","1.77","130","7.01","0.5139","0.6382","0.5453","51.8","N/A","N/A","N/A","N/A","0.75","0.97"
"Latvia",5.95,"0.866","1891300","8","59057492337","62090","6877","34.2","72.3","13348","10130","10430","-300","2.2","42.08","0.835","0.0331","270","4.1","6787","75.4","3.6","25.8","7.24","175","4.36","0.5867","0.5795","0.5556","83.19","0.63","6.8","3.1","2.19","0.778","0.39"
"Lebanon",4.772,"0.744","6769000","6.3","109448612924","10230","17708","31.8","51.4","12198","10900","15990","-5090","-6.5","61.52","0.656","0.0501","387","4.2","981","76.4","7.2","27.8","4.16","205","2.49","0.1314","0.1312","0.7886","69.37","0.664","9.5","1.6","5.94","0.638","0.87"
"Lesotho",3.653,"0.527","2007201","22.8","5931020494","30360","902","54.2","53.5","384","1057","1160","-103","1.2","53.33","0.503","0.0684","280","0.3","497","50.7","86.4","24.9","6.3","92","41.25","0.255","0.2543","0.7211","53.8","0.266","N/A","N/A","N/A","0.698","N/A"
"Liberia",4.558,"0.48","4661010","2.7","7384259029","96320","348","35.3","49.2","820","626","728","-102","-2.5","77.54","0.423","0.0784","271","0.3","201","64.1","84.6","24","5.32","54","3.23","0.9084","0.9038","0.4883","51.37","0.2","N/A","N/A","N/A","0.693","0.94"
"Libya",5.489,"0.724","6959000","18.6","102665385322","1759540","25693","N/A","N/A","8330","16330","22320","-5990","-66.7","71.24","0.616","0.0379","256","8.7","2763","75.8","11.5","28.4","1.95","139","2.5","0.792","0.0758","0.057","N/A","0.683","10.8","2.5","4.32","N/A","N/A"
"Lithuania",6.215,"0.882","2790044","10.4","100384504447","62630","11306","37.4","76.9","22261","21180","21630","-450","-1.8","43.16","0.882","0.0292","314","5","10953","76","3.7","26.6","7.13","216","4.57","0.3223","0.3219","0.4141","83.97","0.722","7","3.1","2.26","0.804","0.42"
"Luxembourg",7.238,"0.916","626108","6.5","71000340500","2430","5817","33.8","76","139789","27600","27380","220","2.3","47.57","0.783","0.0243","327","16.9","N/A","82.4","2.8","26.5","8.68","83","0.3","0.5302","0.644","0.0911","89.56","0.928","3.1","2","1.55","0.726","0.39"
"Madagascar",4.166,"0.528","26923353","1.8","43363602948","581800","2117","42.6","57.7","626","1292","1725","-443","-3.2","72.77","0.492","0.1115","279","0.2","29","65.3","50.6","21.1","5.7","102","7.69","0.8791","0.0204","0.5191","48.46","0.397","N/A","N/A","N/A","0.725","0.93"
"Malawi",3.538,"0.483","18898441","5.7","19361217287","94280","1515","44.7","53","468","1298","1612","-314","0.6","71.42","0.445","0.0798","249","0.1","85","65.6","41.6","22.8","5.74","71","1.73","0.6744","0.6023","0.8192","54.07","0.251","N/A","N/A","N/A","0.671","0.99"
"Malaysia",5.384,"0.81","32754240","4.6","888686922656","328550","147209","41","74.4","8940","68113","90082","-21969","-6","77.72","0.7","0.0639","312","8","7493","74.7","8.6","25.3","7.19","212","2.11","0.588","0.597","0.6657","76.96","0.802","6.4","1.6","4","0.676","0.96"
"Maldives",5.198,"0.74","383135","6.4","9769994105","300","565","N/A","55.2","8555","960","1156","-196","-18.6","81.77","0.561","N/A","383","2","N/A","79.6","7.6","25.1","N/A","499","0.75","N/A","N/A","N/A","70.81","0.477","N/A","N/A","N/A","0.642","N/A"
"Mali",4.729,"0.434","20856000","7.3","44584090696","1220190","3040","33","55.6","773","3068","3584","-516","-2","82.85","0.312","0.0839","215","0.1","142","62.8","94","22.8","3.93","33","10.9","0.6906","0.8388","0.182","48.29","0.361","N/A","N/A","N/A","0.591","0.95"
"Malta",6.773,"0.895","514564","3.9","21108159041","320","2456","29.4","70.2","76016","4295","4354","-59","-7.9","66.56","0.781","0.006","316","3.5","N/A","81.9","7","27.2","7.68","161","1.59","0.0414","0.0907","0.1223","84.89","0.978","5.8","0.7","8.29","0.703","0.86"
"Mauritania",4.375,"0.546","4271197","9.6","22727329593","1030700","882","32.6","56.1","976","1248","1301","-53","-3.2","81.77","0.377","0.0795","233","0.7","734","68.4","72.9","24.8","3.92","53","9.94","0.615","0.326","0.0149","48.95","0.384","N/A","N/A","N/A","0.606","0.98"
"Mauritius",6.101,"0.804","1266030","6.7","28763164544","2030","2800","38.5","77","20875","2912","3337","-425","-14.2","72.32","0.725","0.1553","358","3.5","2208","74.1","16","25.6","8.14","199","2.92","0.4634","0.4547","0.6385","78.96","0.691","8.2","1.4","5.86","0.679","N/A"
"Mexico",6.465,"0.779","126014024","3.8","2573847595048","1943950","267910","48.3","65.5","9944","254256","314598","-63342","-0.1","69.8","0.655","0.0597","306","3.8","3258","76","14.2","28.1","6.07","166","29.07","0.5418","0.1511","0.1796","73.52","0.755","5.2","0.9","5.78","0.757","0.73"
"Moldova",5.608,"0.75","2640438","4.2","34272120582","32885.3","5957","25.9","62.5","5855","2796","3027","-231","-4.5","49.01","0.725","0.0479","322","2.1","650","73.3","14.4","26.7","5.78","N/A","4.1","0.5535","0.5533","0.5603","72.58","0.639","7.3","3.1","2.35","0.768","0.72"
"Mongolia",5.456,"0.737","3368283","5.9","38666235256","1557255","6933","32.3","62.4","2654","2623","3711","-1088","-2","30.74","0.737","0.0308","208","6.3","1399","68.1","15.6","26","6.48","110","6.18","0.3682","0.3734","0.0799","71.07","0.483","3.4","1.1","3.09","0.716","N/A"
"Montenegro",5.546,"0.829","621873","19.3","13213905651","13450","2998","31.9","63.4","24242","1620","1950","-330","-12","50.99","0.797","N/A","N/A","6.3","N/A","75.9","2.3","26","5.77","172","2.23","N/A","N/A","N/A","74.42","N/A","5.3","1.4","3.79","0.732","0.71"
"Morocco",5.095,"0.686","36196136","12.7","278614687499","446300","29678","39.5","63.3","4010","26630","30710","-4080","2.2","62.78","0.503","0.0645","281","1.9","587","73","21.4","25.6","5.04","237","1.42","0.4841","0.4683","0.0035","66.9","0.882","N/A","N/A","N/A","0.612","0.97"
"Mozambique",4.624,"0.456","30832244","3.2","38933851135","786380","13390","54","51.6","352","2758","3607","-849","2.2","74.84","0.369","0.0869","225","0.3","148","58.1","74.2","22.3","3.51","63","3.4","0.6932","0.8125","0.6759","49","0.26","N/A","N/A","N/A","0.758","0.86"
"Myanmar",4.308,"0.583","55294979","1.7","276482978785","652790","18024","38.1","55.2","1556","N/A","N/A","N/A","2","55.49","N/A","0.089","270","0.6","50","69.1","44.7","22.6","3.04","N/A","2.27","N/A","N/A","N/A","55.99","N/A","N/A","N/A","N/A","0.681","0.97"
"Namibia",4.571,"0.646","2550226","20.6","24889786061","823290","4184","59.1","62.6","5502","3967","4759","-792","-1.4","67.91","0.546","0.0537","200","1.7","2204","64.6","42.4","24.3","6.52","295","17.14","0.6329","0.7005","0.6626","67.14","0.34","N/A","N/A","N/A","0.809","0.92"
"Nepal",5.137,"0.602","30378055","1.5","93518511731","143350","6562","32.8","50.7","1510","6993","8833","-1840","0","46.58","0.475","0.0512","305","0.3","37","70.9","30.8","22.2","5.22","86","2.16","0.6632","0.7167","0.1417","57.6","0.457","N/A","N/A","N/A","0.683","0.93"
"Netherlands",7.449,"0.944","17574231","3.9","991941839767","33670","110682","28.2","76.8","31057","N/A","N/A","N/A","1.8","48.65","0.897","0.0824","388","9.5","27160","81.8","4","25.4","8.96","63","0.59","0.1054","0.5143","0.7222","91.06","0.928","3.7","1.8","2.06","0.762","0.33"
"New Zealand",7.3,"0.931","5121660","5.3","207247264396","263310","41165","N/A","83.9","116433","72532","90431","-17899","2.2","50.99","0.917","0.0455","292","7.7","8618","82","4.7","27.9","9.25","188","0.7","0.3969","0.1657","0.811","91.64","0.827","4.8","2","2.4","0.84","0.33"
"Nicaragua",6.137,"0.66","6527691","7.4","37689138858","120340","3738","46.2","56.3","3005","3800","4074","-274","-3.9","76.82","0.542","0.1462","272","1","690","75","16.6","26.9","3.6","332","7.37","0.4844","0.0473","0.429","64.02","0.733","4.5","0.8","5.63","0.796","0.7"
"Niger",4.91,"0.394","24112753","0.5","27486070288","1266700","1586","34.3","57.3","463","1680","2235","-555","0.5","80.87","0.206","0.1124","208","0.1","74","63.3","80.4","21.7","3.29","47","4.44","0.6518","0.6519","0.2013","42.21","0.337","N/A","N/A","N/A","0.629","1"
"Nigeria",4.724,"0.539","211401000","33.3","1033575849451","910770","29011","43","58.7","1249","13970","22150","-8180","2.2","80.24","0.477","0.0798","336","0.6","497","62.6","117.2","23.4","4.1","31","9.85","0.8505","0.8316","0.7421","51.31","0.176","N/A","N/A","N/A","0.627","0.96"
"North Cyprus",5.536,"N/A","N/A","N/A","N/A","N/A","N/A","N/A","N/A","N/A","N/A","N/A","N/A","N/A","N/A","N/A","N/A","N/A","N/A","N/A","N/A","N/A","N/A","N/A","N/A","N/A","N/A","N/A","N/A","N/A","N/A","N/A","N/A","N/A","N/A","N/A"
"North Macedonia",5.16,"0.774","2076255","17.1","34405256698","25220","7024","35.6","68.6","N/A","3314","3655","-341","N/A","N/A","0.673","N/A","N/A","3.9","N/A","74.8","6.1","N/A","5.89","105","1.2","N/A","N/A","N/A","N/A","N/A","N/A","N/A","N/A","0.715","0.76"
"Norway",7.488,"0.957","5391369","5.2","359298961716","365107.8","124127","27.5","73.4","70627","196144","202684","-6540","1.2","34.7","0.916","0.0219","273","9.4","19788","83.3","2.4","26","9.81","49","0.47","0.0586","0.0673","0.2048","92.73","0.955","4.3","1.9","2.26","0.849","0.22"
"Pakistan",5.693,"0.557","225200000","4.4","1029585145405","770880","90000","33.5","51.7","1766","42951","65718","-22767","1.9","68.36","0.55","0.0696","368","1","130","65.6","67.2","23.8","4.31","38","3.88","0.7098","0.719","0.3848","49.25","0.583","N/A","N/A","N/A","0.556","0.92"
"Palestine",4.553,"0.708","5227193","25.3","N/A","N/A","N/A","N/A","N/A","N/A","2750","4077","-1327","N/A","N/A","0.655","N/A","N/A","N/A","146","N/A","N/A","N/A","3.83","N/A","0.49","N/A","N/A","N/A","N/A","N/A","N/A","N/A","N/A","N/A","N/A"
"Panama",6.305,"0.815","4278500","3.8","132748727286","74177","9258","49.9","66.2","13259","12600","13560","-960","-9","77.72","0.691","0.0726","247","2.8","4737","79.3","14.9","27.1","7.18","416","9.39","0.5528","0.3873","0.3338","76.55","0.656","3.7","1","3.7","0.737","0.88"
"Paraguay",5.692,"0.728","7353038","5.7","91494315027","397300","13097","48.8","62.6","3887","5366","5876","-510","0.2","74.39","0.613","0.0348","260","1.1","2131","75.8","19.4","25.8","6.18","241","7.14","0.1689","0.5975","0.2123","72.48","0.761","N/A","N/A","N/A","0.702","0.92"
"Peru",5.797,"0.777","33035304","16.4","418547458561","1280000","47409","43.3","67.7","4989","35869","54286","-18417","2.2","67.28","0.672","0.0659","268","1.8","1157","79.9","13.2","26.3","6.53","290","7.7","0.6566","0.3358","0.1988","74.22","0.547","N/A","N/A","N/A","0.721","0.84"
"Philippines",6.006,"0.718","109979383","10","929689921316","298170","93354","44.4","64.1","2663","63252","92876","-29624","-8.3","78.53","0.637","0.267","402","1.4","519","70.4","27.3","23.2","6.56","200","6.46","0.2385","0.836","0.3056","66.62","0.755","N/A","N/A","N/A","0.784","0.96"
"Poland",6.186,"0.88","38268000","3.5","1208903726913","306170","152573","31.8","69.7","22600","236464","297249","-60785","-3.6","46.13","0.852","0.032","354","8.8","5688","78.3","4.4","26.4","6.85","179","0.73","0.1183","0.0468","0.1712","84.32","0.793","5.1","1.7","3","0.713","0.75"
"Portugal",5.911,"0.864","10295909","7.5","353153783394","91605.6","48035","35.5","67.5","44025","93433","111948","-18515","2.2","59.27","0.756","0.0345","335","5.1","6390","81.6","3.7","26.2","7.9","111","0.79","0.0468","0.0198","0.1438","87.79","0.945","3.4","2","1.7","0.775","0.72"
"Romania",6.124,"0.828","19317984","5.3","568867842525","230080","55008","35.9","69.5","19582","72093","95944","-23851","-4.8","47.84","0.769","0.0592","335","4.1","3178","75.6","7","25.3","6.4","113","1.28","0.3069","0.1723","0.2373","78.35","0.645","7.4","1.6","4.63","0.7","0.84"
"Russia",5.546,"0.824","146238185","6.3","4223363714785","N/A","965156","37.7","61.5","3683","468651","546027","-77376","1.3","22.82","N/A","0.0358","273","12.1","1799","N/A","5.8","26.5","3.31","N/A","8.21","0.2452","0.2485","0.4398","72.56","0.544","9.2","4.8","1.92","0.708","0.34"
"Rwanda",3.312,"0.543","12955768","16","26299700706","24670","764","43.7","68.3","1259","1874","2255","-381","2","64.13","0.426","0.0709","298","0.1","47","69.1","34.3","22","3.1","511","2.52","0.3238","0","0.5066","54.13","0.327","N/A","N/A","N/A","0.805","0.95"
"Saudi Arabia",6.406,"0.854","34218169","15.4","1641856836371","2149690","322372","N/A","66","16599","193054","264984","-71930","0.3","76.37","0.768","0.0114","274","18.6","10633","74.3","6.6","28.5","2.08","197","1.3","0.18","0.0949","0.127","65.06","0.894","5.2","1.1","4.73","0.603","0.93"
"Senegal",4.981,"0.512","17223497","6.7","53793913550","192530","3842","40.3","58","1632","3863","4474","-611","-0.7","82.13","0.355","0.1038","277","0.7","187","68.6","45.3","23","5.67","68","7.38","0.6939","0.7081","0.1497","60.04","0.756","N/A","N/A","N/A","0.684","0.96"
"Serbia",5.778,"0.806","6926705","7.3","122636628733","87460","30292","39.6","67.2","10737","16250","16930","-680","-2.5","50.99","0.76","0.0712","N/A","6.3","2108","75.9","5.3","25.8","6.22","158","1.23","0.5736","0","0","75.54","N/A","5.2","1.4","3.71","0.78","0.54"
"Sierra Leone",3.926,"0.452","8297882","4.4","13024700610","72180","242","34","51.7","278","684","963","-279","-3.1","78.89","0.374","0.1021","283","0.2","237","60.8","109.2","22.8","4.86","60","1.71","0.8191","0.7634","0.5395","51.74","N/A","N/A","N/A","N/A","0.655","N/A"
"Singapore",6.377,"0.938","5685807","3.6","564157622013","709","47583","N/A","89.7","96967","59678","96031","-36353","0.7","79.61","0.814","0.0227","428","9.7","63775","83.2","2.5","23.7","6.03","195","0.16","0.3857","0.3835","0.6561","85.46","0.973","6.8","1.9","3.58","0.727","0.7"
"Slovakia",6.281,"0.86","5459781","7","N/A","N/A","26237","N/A","66.3","40432","43113","51118","-8005","2.3","44.24","0.823","0.0339","303","7","15957","78.2","5.8","26.5","6.97","194","1.37","0.2539","0.2551","0.5655","83.15","0.754","5.7","1.8","3.17","0.712","0.47"
"Slovenia",6.363,"0.917","2111461","4.9","80361841190","20136.4","14023","25.4","68.3","50380","20200","20970","-770","-6.7","48.02","0.886","0.0341","362","7.5","14721","81.3","2.1","26.9","7.54","53","0.48","0.2216","0.2201","0.2868","87.71","0.838","3.5","1.1","3.18","0.741","0.47"
"South Africa",4.814,"0.709","59622350","32.5","747020842636","1213090","210304","63","59.7","6476","76434","116118","-39684","0.2","63.95","0.705","0.0558","324","8.3","1781","65.3","34.5","27.3","7.05","259","36.4","0.7517","0.8652","0.8603","70.26","0.319","3.5","0.6","5.83","0.781","0.85"
"South Korea",5.872,"0.916","51824142","4.2","N/A","N/A","N/A","N/A","74","72198","N/A","N/A","N/A","2","52.7","0.867","0.0459","373","13.6","11104","83.3","N/A","23.9","8.01","N/A","0.6","0.0392","0.0028","0.4891","89.06","0.759","4.7","2.2","2.14","N/A","0.43"
"South Sudan",2.817,"0.433","13249924","12.3","N/A","631928.1","529","N/A","N/A","N/A","437","2259","-1822","4.1","N/A","0.297","N/A","N/A","0.4","N/A","62.8","96.2","25.2","N/A","50","13.9","N/A","N/A","N/A","31.06","N/A","N/A","N/A","N/A","N/A","N/A"
"Spain",6.401,"0.904","47351567","16.2","1894494241788","499603.5","241563","36.2","69.9","95360","481945","657750","-175805","2","55.94","0.818","0.0305","352","6","6829","83.2","3.1","26.7","8.12","122","0.62","0.4165","0.4132","0.4514","88.71","0.972","3.5","2","1.75","0.788","0.49"
"Sri Lanka",4.327,"0.782","21919000","5.4","285354274779","61864","13438","39.8","55.7","8283","12640","16660","-4020","2.3","80.51","0.752","0.0732","331","1.1","567","76.9","7.1","23","6.14","135","2.42","0.415","0.4645","0.4853","73.2","0.716","N/A","N/A","N/A","0.67","0.99"
"Swaziland",4.308,"N/A","N/A","N/A","N/A","N/A","1682","N/A","N/A","N/A","1150","1475","-325","N/A","70.52","N/A","0.0752","243","N/A","1415","N/A","N/A","26.5","N/A","N/A","N/A","0.0582","0.1722","0.4444","52.92","0.305","N/A","N/A","N/A","N/A","N/A"
"Sweden",7.353,"0.945","10380491","8.7","546885183364","407310","131798","29.2","74.7","41582","251009","282223","-31214","1.2","35.78","0.855","0.0212","311","4.5","18688","82.4","2.6","25.8","9.26","68","1.08","0.06","0.1968","0.2342","91.62","0.908","5","2.5","2","0.823","0.17"
"Switzerland",7.56,"0.955","8655100","5.2","590532454887","39516","56353","32.3","81.9","227891","234445","264232","-29787","0.9","41.9","0.891","0.0237","348","4.8","36321","83.4","4","25.3","8.83","80","0.59","0.5314","0.5441","0.6083","91.42","0.916","4.8","2","2.4","0.798","0.41"
"Taiwan",6.455,"N/A","23539588","3.8","N/A","N/A","237557","N/A","78.6","70191","94207","123779","-29572","0","N/A","N/A","N/A","324","12","13260","N/A","N/A","N/A","8.94","258","0.82","0.2744","0.5028","0.6845","N/A","N/A","5.7","2.3","2.48","N/A","0.45"
"Tajikistan",5.556,"0.668","9313800","11","30133335841","138790","16085","34","55.2","1589","2214","2316","-102","1","35.6","0.658","0.0672","271","0.7","99","69.5","33.8","25.4","1.94","121","1.61","0.5107","0.5473","0.3386","56.99","0.428","13.5","1.4","9.64","0.65","0.85"
"Tanzania",3.476,"0.529","59441988","2","144926714433","885800","5813","37.8","61.3","1282","7872","9271","-1399","1.9","72.23","0.441","0.0765","257","0.2","107","67.3","50.3","23.1","5.1","59","6.95","0.7353","0.8983","0.6334","56.2","0.422","N/A","N/A","N/A","0.707","0.89"
"Thailand",5.999,"0.777","66625005","1.9","1285350647149","510890","185852","36.5","69.7","3526","107054","133588","-26534","-7.1","79.34","0.641","0.0619","308","4.1","3556","77.7","9","24.1","6.04","488","2.58","0.6338","0.6344","0.0994","70.72","0.807","5.5","1.4","3.93","0.71","0.97"
"Togo",4.187,"0.515","7886000","2","12537214185","54390","1251","43.1","57.5","469","1469","1700","-231","0","80.87","0.489","0.1036","293","0.4","138","64.3","66.9","23.2","2.8","67","9","0.7099","0.898","0.6596","53.05","0.449","N/A","N/A","N/A","0.683","0.8"
"Trinidad and Tobago",6.192,"0.796","1366725","2.8","37377267876","5130","8246","40.3","59","14888","6916","7838","-922","0","78.35","0.717","0.075","381","26.2","12700","76.1","17.5","28.7","7.16","292","30.88","0.6475","0.1251","0.7936","N/A","0.742","6.3","2.2","2.86","0.749","0.92"
"Tunisia",4.392,"0.74","11708370","16.2","127422847480","155360","15838","32.8","56.6","5395","9397","11610","-2213","1","66.56","0.643","0.054","306","2.8","1512","77","16.9","26.8","6.59","194","3.05","0.0394","0.0124","0.0104","75.02","0.785","N/A","N/A","N/A","0.649","0.93"
"Turkey",5.132,"0.82","83614362","12.7","2316406547956","769630","251376","41.9","64","6568","188258","239421","-51163","0.9","51.98","0.668","0.052","353","5.1","2243","78.6","10","27.8","4.48","335","2.59","0.32","0.2216","0.0049","68.27","0.734","6.8","1.7","4","0.638","0.82"
"Turkmenistan",5.119,"0.715","6118000","4.1","88908253419","469930","15090","40.8","47.4","6974","4436","4703","-267","1.8","59.18","0.629","0.0644","249","14.4","4584","69.7","42","26.4","1.72","552","4.22","0.3918","0.3984","0.2327","58.35","0.443","N/A","N/A","N/A","N/A","0.8"
"Uganda",4.432,"0.544","42885900","1.9","92802563985","200520","3534","42.8","58.6","612","4019","5268","-1249","-0.3","73.04","0.467","0.0652","283","0.1","91","66.7","45.8","22","4.94","124","10.42","0.9302","0.9227","0.6332","52.98","0.464","N/A","N/A","N/A","0.717","0.93"
"Ukraine",4.561,"0.779","41554836","9.9","533831317444","579400","128806","25","56.2","1223","55612","66722","-11110","-7.2","46.94","0.803","0.0297","317","4.5","1227","73","8.4","26","5.81","148","6.2","0.4737","0.4741","0.6157","73.38","0.708","6.7","2.8","2.39","0.714","0.46"
"United Arab Emirates",6.791,"0.89","9503738","2.4","660187934758","71020","119455","N/A","76.9","35315","92063","127095","-35032","1.3","80.6","0.687","0.0197","293","22.4","34497","76.1","7.5","29","2.7","104","0.5","0.6252","0.4874","0.331","70.6","0.886","2.8","0.7","4","0.716","0.91"
"United Kingdom",7.165,"0.932","66796807","7.5","3120717081030","241930","300520","33.2","78.4","97452","966407","1400776","-434369","1.4","47.21","0.896","0.0354","373","5.6","7378","81.4","4.3","27.3","8.54","N/A","1.2","0.1211","0.0532","0.6944","88.54","0.925","N/A","N/A","N/A","0.775","0.27"
"United States",6.94,"0.926","331357269","6.2","20529049174602","9147420","3989566","41.5","74.8","65904","5923829","9818534","-3894705","-4.3","47.39","0.9","0.0376","300","16.1","4900","78.5","6.5","28.5","7.92","639","4.96","0.4901","0.5647","0.8241","85.71","0.838","6.5","2.9","2.24","0.763","0.69"
"Uruguay",6.44,"0.817","3554915","11.2","76230579377","175020","11812","39.5","69.3","11084","17690","19900","-2210","0.2","63.59","0.717","0.0403","259","2","3161","77.1","7.1","26.8","8.61","337","12.06","0.2504","0.0817","0.3548","82.99","0.745","N/A","N/A","N/A","0.702","0.41"
"Uzbekistan",6.258,"0.72","34758142","8.9","227887790292","440555","49204","35.3","58.3","N/A","20110","19920","190","0.7","53.69","0.74","0.0859","286","3.1","429","73","17.4","26.1","2.12","68","1.1","0.4125","0.412","0.2133","64.98","0.599","7.8","1.1","7.09","N/A","0.59"
"Venezuela",5.053,"0.711","28705000","9.4","N/A","N/A","64660","46.9","24.7","N/A","5521","10382","-4861","-35","77.63","0.71","0.0593","291","3.7","2681","73.9","24.2","27.2","2.76","178","36.69","0.4966","0.0686","0.135","N/A","0.775","3.3","1.2","2.75","0.699","0.79"
"Vietnam",5.353,"0.704","97580000","2.7","741909407438","310070","216994","35.3","61.7","3679","57837","78348","-20511","2.8","76.01","N/A","0.1253","357","2.8","1603","N/A","19.9","21.6","2.94","128","1.52","0.2383","0.2377","0.508","68.85","0.393","5.7","0.4","14.25","0.701","0.3"
"Yemen",3.527,"0.47","30491000","12.8","N/A","N/A","2653","36.7","N/A","1467","3467","5232","-1765","2.1","74.93","0.35","0.0597","289","0.4","258","66.6","58.4","25.8","1.95","53","6.66","0","0.008","0.0023","N/A","0.587","N/A","N/A","N/A","0.492","0.99"
"Zambia",3.759,"0.584","18400556","11.4","62546879800","743390","13097","57.1","50.4","784","4895","7050","-2155","1.5","70.52","0.577","0.0725","210","0.3","536","62.5","61.7","22.6","4.86","123","5.3","0.7808","0.8734","0.7359","55.34","0.269","N/A","N/A","N/A","0.726","0.95"
"Zimbabwe",3.299,"0.571","15790716","5","46261004505","386850","7401","43.2","39.5","1843","3600","4800","-1200","-8.3","69.8","0.544","0.1006","200","0.8","197","60.7","54.6","23.4","3.16","127","6.67","0.3874","0.4472","0.7363","52.26","0.427","N/A","N/A","N/A","0.732","0.88"
NA,NA,NA,"N/A",NA,NA,NA,NA,NA,NA,NA,NA,NA,NA,NA,NA,NA,NA,NA,NA,NA,NA,NA,NA,NA,NA,NA,NA,NA,NA,NA,NA,NA,NA,NA,NA,NA
NA,NA,NA,"N/A",NA,NA,NA,NA,NA,NA,NA,NA,NA,NA,NA,NA,NA,NA,NA,NA,NA,NA,NA,NA,NA,NA,NA,NA,NA,NA,NA,NA,NA,NA,NA,NA,NA
NA,NA,NA,"N/A",NA,NA,NA,NA,NA,NA,NA,NA,NA,NA,NA,NA,NA,NA,NA,NA,NA,NA,NA,NA,NA,NA,NA,NA,NA,NA,NA,NA,NA,NA,NA,NA,NA
NA,NA,NA,"N/A",NA,NA,NA,NA,NA,NA,NA,NA,NA,NA,NA,NA,NA,NA,NA,NA,NA,NA,NA,NA,NA,NA,NA,NA,NA,NA,NA,NA,NA,NA,NA,NA,NA
NA,NA,NA,"N/A",NA,NA,NA,NA,NA,NA,NA,NA,NA,NA,NA,NA,NA,NA,NA,NA,NA,NA,NA,NA,NA,NA,NA,NA,NA,NA,NA,NA,NA,NA,NA,NA,NA
NA,NA,NA,"N/A",NA,NA,NA,NA,NA,NA,NA,NA,NA,NA,NA,NA,NA,NA,NA,NA,NA,NA,NA,NA,NA,NA,NA,NA,NA,NA,NA,NA,NA,NA,NA,NA,NA
NA,NA,NA,"N/A",NA,NA,NA,NA,NA,NA,NA,NA,NA,NA,NA,NA,NA,NA,NA,NA,NA,NA,NA,NA,NA,NA,NA,NA,NA,NA,NA,NA,NA,NA,NA,NA,NA
NA,NA,NA,"N/A",NA,NA,NA,NA,NA,NA,NA,NA,NA,NA,NA,NA,NA,NA,NA,NA,NA,NA,NA,NA,NA,NA,NA,NA,NA,NA,NA,NA,NA,NA,NA,NA,NA
NA,NA,NA,"N/A",NA,NA,NA,NA,NA,NA,NA,NA,NA,NA,NA,NA,NA,NA,NA,NA,NA,NA,NA,NA,NA,NA,NA,NA,NA,NA,NA,NA,NA,NA,NA,NA,NA
NA,NA,NA,"N/A",NA,NA,NA,NA,NA,NA,NA,NA,NA,NA,NA,NA,NA,NA,NA,NA,NA,NA,NA,NA,NA,NA,NA,NA,NA,NA,NA,NA,NA,NA,NA,NA,NA
NA,NA,NA,"N/A",NA,NA,NA,NA,NA,NA,NA,NA,NA,NA,NA,NA,NA,NA,NA,NA,NA,NA,NA,NA,NA,NA,NA,NA,NA,NA,NA,NA,NA,NA,NA,NA,NA
NA,NA,NA,"N/A",NA,NA,NA,NA,NA,NA,NA,NA,NA,NA,NA,NA,NA,NA,NA,NA,NA,NA,NA,NA,NA,NA,NA,NA,NA,NA,NA,NA,NA,NA,NA,NA,NA
NA,NA,NA,"N/A",NA,NA,NA,NA,NA,NA,NA,NA,NA,NA,NA,NA,NA,NA,NA,NA,NA,NA,NA,NA,NA,NA,NA,NA,NA,NA,NA,NA,NA,NA,NA,NA,NA
NA,NA,NA,"N/A",NA,NA,NA,NA,NA,NA,NA,NA,NA,NA,NA,NA,NA,NA,NA,NA,NA,NA,NA,NA,NA,NA,NA,NA,NA,NA,NA,NA,NA,NA,NA,NA,NA
NA,NA,NA,"N/A",NA,NA,NA,NA,NA,NA,NA,NA,NA,NA,NA,NA,NA,NA,NA,NA,NA,NA,NA,NA,NA,NA,NA,NA,NA,NA,NA,NA,NA,NA,NA,NA,NA
NA,NA,NA,"N/A",NA,NA,NA,NA,NA,NA,NA,NA,NA,NA,NA,NA,NA,NA,NA,NA,NA,NA,NA,NA,NA,NA,NA,NA,NA,NA,NA,NA,NA,NA,NA,NA,NA
NA,NA,NA,"N/A",NA,NA,NA,NA,NA,NA,NA,NA,NA,NA,NA,NA,NA,NA,NA,NA,NA,NA,NA,NA,NA,NA,NA,NA,NA,NA,NA,NA,NA,NA,NA,NA,NA
NA,NA,NA,"N/A",NA,NA,NA,NA,NA,NA,NA,NA,NA,NA,NA,NA,NA,NA,NA,NA,NA,NA,NA,NA,NA,NA,NA,NA,NA,NA,NA,NA,NA,NA,NA,NA,NA
NA,NA,NA,"N/A",NA,NA,NA,NA,NA,NA,NA,NA,NA,NA,NA,NA,NA,NA,NA,NA,NA,NA,NA,NA,NA,NA,NA,NA,NA,NA,NA,NA,NA,NA,NA,NA,NA
NA,NA,NA,"N/A",NA,NA,NA,NA,NA,NA,NA,NA,NA,NA,NA,NA,NA,NA,NA,NA,NA,NA,NA,NA,NA,NA,NA,NA,NA,NA,NA,NA,NA,NA,NA,NA,NA
NA,NA,NA,"N/A",NA,NA,NA,NA,NA,NA,NA,NA,NA,NA,NA,NA,NA,NA,NA,NA,NA,NA,NA,NA,NA,NA,NA,NA,NA,NA,NA,NA,NA,NA,NA,NA,NA
NA,NA,NA,"N/A",NA,NA,NA,NA,NA,NA,NA,NA,NA,NA,NA,NA,NA,NA,NA,NA,NA,NA,NA,NA,NA,NA,NA,NA,NA,NA,NA,NA,NA,NA,NA,NA,NA
NA,NA,NA,"N/A",NA,NA,NA,NA,NA,NA,NA,NA,NA,NA,NA,NA,NA,NA,NA,NA,NA,NA,NA,NA,NA,NA,NA,NA,NA,NA,NA,NA,NA,NA,NA,NA,NA
NA,NA,NA,"N/A",NA,NA,NA,NA,NA,NA,NA,NA,NA,NA,NA,NA,NA,NA,NA,NA,NA,NA,NA,NA,NA,NA,NA,NA,NA,NA,NA,NA,NA,NA,NA,NA,NA
NA,NA,NA,"N/A",NA,NA,NA,NA,NA,NA,NA,NA,NA,NA,NA,NA,NA,NA,NA,NA,NA,NA,NA,NA,NA,NA,NA,NA,NA,NA,NA,NA,NA,NA,NA,NA,NA
NA,NA,NA,"N/A",NA,NA,NA,NA,NA,NA,NA,NA,NA,NA,NA,NA,NA,NA,NA,NA,NA,NA,NA,NA,NA,NA,NA,NA,NA,NA,NA,NA,NA,NA,NA,NA,NA
NA,NA,NA,"N/A",NA,NA,NA,NA,NA,NA,NA,NA,NA,NA,NA,NA,NA,NA,NA,NA,NA,NA,NA,NA,NA,NA,NA,NA,NA,NA,NA,NA,NA,NA,NA,NA,NA
NA,NA,NA,"N/A",NA,NA,NA,NA,NA,NA,NA,NA,NA,NA,NA,NA,NA,NA,NA,NA,NA,NA,NA,NA,NA,NA,NA,NA,NA,NA,NA,NA,NA,NA,NA,NA,NA
NA,NA,NA,"N/A",NA,NA,NA,NA,NA,NA,NA,NA,NA,NA,NA,NA,NA,NA,NA,NA,NA,NA,NA,NA,NA,NA,NA,NA,NA,NA,NA,NA,NA,NA,NA,NA,NA
NA,NA,NA,"N/A",NA,NA,NA,NA,NA,NA,NA,NA,NA,NA,NA,NA,NA,NA,NA,NA,NA,NA,NA,NA,NA,NA,NA,NA,NA,NA,NA,NA,NA,NA,NA,NA,NA
NA,NA,NA,"N/A",NA,NA,NA,NA,NA,NA,NA,NA,NA,NA,NA,NA,NA,NA,NA,NA,NA,NA,NA,NA,NA,NA,NA,NA,NA,NA,NA,NA,NA,NA,NA,NA,NA
NA,NA,NA,"N/A",NA,NA,NA,NA,NA,NA,NA,NA,NA,NA,NA,NA,NA,NA,NA,NA,NA,NA,NA,NA,NA,NA,NA,NA,NA,NA,NA,NA,NA,NA,NA,NA,NA
NA,NA,NA,"N/A",NA,NA,NA,NA,NA,NA,NA,NA,NA,NA,NA,NA,NA,NA,NA,NA,NA,NA,NA,NA,NA,NA,NA,NA,NA,NA,NA,NA,NA,NA,NA,NA,NA
NA,NA,NA,"N/A",NA,NA,NA,NA,NA,NA,NA,NA,NA,NA,NA,NA,NA,NA,NA,NA,NA,NA,NA,NA,NA,NA,NA,NA,NA,NA,NA,NA,NA,NA,NA,NA,NA
NA,NA,NA,"N/A",NA,NA,NA,NA,NA,NA,NA,NA,NA,NA,NA,NA,NA,NA,NA,NA,NA,NA,NA,NA,NA,NA,NA,NA,NA,NA,NA,NA,NA,NA,NA,NA,NA
NA,NA,NA,"N/A",NA,NA,NA,NA,NA,NA,NA,NA,NA,NA,NA,NA,NA,NA,NA,NA,NA,NA,NA,NA,NA,NA,NA,NA,NA,NA,NA,NA,NA,NA,NA,NA,NA
NA,NA,NA,"N/A",NA,NA,NA,NA,NA,NA,NA,NA,NA,NA,NA,NA,NA,NA,NA,NA,NA,NA,NA,NA,NA,NA,NA,NA,NA,NA,NA,NA,NA,NA,NA,NA,NA
NA,NA,NA,"N/A",NA,NA,NA,NA,NA,NA,NA,NA,NA,NA,NA,NA,NA,NA,NA,NA,NA,NA,NA,NA,NA,NA,NA,NA,NA,NA,NA,NA,NA,NA,NA,NA,NA
NA,NA,NA,"N/A",NA,NA,NA,NA,NA,NA,NA,NA,NA,NA,NA,NA,NA,NA,NA,NA,NA,NA,NA,NA,NA,NA,NA,NA,NA,NA,NA,NA,NA,NA,NA,NA,NA
NA,NA,NA,"N/A",NA,NA,NA,NA,NA,NA,NA,NA,NA,NA,NA,NA,NA,NA,NA,NA,NA,NA,NA,NA,NA,NA,NA,NA,NA,NA,NA,NA,NA,NA,NA,NA,NA
NA,NA,NA,"N/A",NA,NA,NA,NA,NA,NA,NA,NA,NA,NA,NA,NA,NA,NA,NA,NA,NA,NA,NA,NA,NA,NA,NA,NA,NA,NA,NA,NA,NA,NA,NA,NA,NA
NA,NA,NA,"N/A",NA,NA,NA,NA,NA,NA,NA,NA,NA,NA,NA,NA,NA,NA,NA,NA,NA,NA,NA,NA,NA,NA,NA,NA,NA,NA,NA,NA,NA,NA,NA,NA,NA
NA,NA,NA,"N/A",NA,NA,NA,NA,NA,NA,NA,NA,NA,NA,NA,NA,NA,NA,NA,NA,NA,NA,NA,NA,NA,NA,NA,NA,NA,NA,NA,NA,NA,NA,NA,NA,NA
NA,NA,NA,"N/A",NA,NA,NA,NA,NA,NA,NA,NA,NA,NA,NA,NA,NA,NA,NA,NA,NA,NA,NA,NA,NA,NA,NA,NA,NA,NA,NA,NA,NA,NA,NA,NA,NA
NA,NA,NA,"N/A",NA,NA,NA,NA,NA,NA,NA,NA,NA,NA,NA,NA,NA,NA,NA,NA,NA,NA,NA,NA,NA,NA,NA,NA,NA,NA,NA,NA,NA,NA,NA,NA,NA
NA,NA,NA,"N/A",NA,NA,NA,NA,NA,NA,NA,NA,NA,NA,NA,NA,NA,NA,NA,NA,NA,NA,NA,NA,NA,NA,NA,NA,NA,NA,NA,NA,NA,NA,NA,NA,NA
NA,NA,NA,"N/A",NA,NA,NA,NA,NA,NA,NA,NA,NA,NA,NA,NA,NA,NA,NA,NA,NA,NA,NA,NA,NA,NA,NA,NA,NA,NA,NA,NA,NA,NA,NA,NA,NA
NA,NA,NA,"N/A",NA,NA,NA,NA,NA,NA,NA,NA,NA,NA,NA,NA,NA,NA,NA,NA,NA,NA,NA,NA,NA,NA,NA,NA,NA,NA,NA,NA,NA,NA,NA,NA,NA
NA,NA,NA,"N/A",NA,NA,NA,NA,NA,NA,NA,NA,NA,NA,NA,NA,NA,NA,NA,NA,NA,NA,NA,NA,NA,NA,NA,NA,NA,NA,NA,NA,NA,NA,NA,NA,NA
NA,NA,NA,"N/A",NA,NA,NA,NA,NA,NA,NA,NA,NA,NA,NA,NA,NA,NA,NA,NA,NA,NA,NA,NA,NA,NA,NA,NA,NA,NA,NA,NA,NA,NA,NA,NA,NA
NA,NA,NA,"N/A",NA,NA,NA,NA,NA,NA,NA,NA,NA,NA,NA,NA,NA,NA,NA,NA,NA,NA,NA,NA,NA,NA,NA,NA,NA,NA,NA,NA,NA,NA,NA,NA,NA
NA,NA,NA,"N/A",NA,NA,NA,NA,NA,NA,NA,NA,NA,NA,NA,NA,NA,NA,NA,NA,NA,NA,NA,NA,NA,NA,NA,NA,NA,NA,NA,NA,NA,NA,NA,NA,NA
NA,NA,NA,"N/A",NA,NA,NA,NA,NA,NA,NA,NA,NA,NA,NA,NA,NA,NA,NA,NA,NA,NA,NA,NA,NA,NA,NA,NA,NA,NA,NA,NA,NA,NA,NA,NA,NA
NA,NA,NA,"N/A",NA,NA,NA,NA,NA,NA,NA,NA,NA,NA,NA,NA,NA,NA,NA,NA,NA,NA,NA,NA,NA,NA,NA,NA,NA,NA,NA,NA,NA,NA,NA,NA,NA
NA,NA,NA,"N/A",NA,NA,NA,NA,NA,NA,NA,NA,NA,NA,NA,NA,NA,NA,NA,NA,NA,NA,NA,NA,NA,NA,NA,NA,NA,NA,NA,NA,NA,NA,NA,NA,NA
NA,NA,NA,"N/A",NA,NA,NA,NA,NA,NA,NA,NA,NA,NA,NA,NA,NA,NA,NA,NA,NA,NA,NA,NA,NA,NA,NA,NA,NA,NA,NA,NA,NA,NA,NA,NA,NA
NA,NA,NA,"N/A",NA,NA,NA,NA,NA,NA,NA,NA,NA,NA,NA,NA,NA,NA,NA,NA,NA,NA,NA,NA,NA,NA,NA,NA,NA,NA,NA,NA,NA,NA,NA,NA,NA
NA,NA,NA,"N/A",NA,NA,NA,NA,NA,NA,NA,NA,NA,NA,NA,NA,NA,NA,NA,NA,NA,NA,NA,NA,NA,NA,NA,NA,NA,NA,NA,NA,NA,NA,NA,NA,NA
NA,NA,NA,"N/A",NA,NA,NA,NA,NA,NA,NA,NA,NA,NA,NA,NA,NA,NA,NA,NA,NA,NA,NA,NA,NA,NA,NA,NA,NA,NA,NA,NA,NA,NA,NA,NA,NA
NA,NA,NA,"N/A",NA,NA,NA,NA,NA,NA,NA,NA,NA,NA,NA,NA,NA,NA,NA,NA,NA,NA,NA,NA,NA,NA,NA,NA,NA,NA,NA,NA,NA,NA,NA,NA,NA
NA,NA,NA,"N/A",NA,NA,NA,NA,NA,NA,NA,NA,NA,NA,NA,NA,NA,NA,NA,NA,NA,NA,NA,NA,NA,NA,NA,NA,NA,NA,NA,NA,NA,NA,NA,NA,NA
NA,NA,NA,"N/A",NA,NA,NA,NA,NA,NA,NA,NA,NA,NA,NA,NA,NA,NA,NA,NA,NA,NA,NA,NA,NA,NA,NA,NA,NA,NA,NA,NA,NA,NA,NA,NA,NA
NA,NA,NA,"N/A",NA,NA,NA,NA,NA,NA,NA,NA,NA,NA,NA,NA,NA,NA,NA,NA,NA,NA,NA,NA,NA,NA,NA,NA,NA,NA,NA,NA,NA,NA,NA,NA,NA
NA,NA,NA,"N/A",NA,NA,NA,NA,NA,NA,NA,NA,NA,NA,NA,NA,NA,NA,NA,NA,NA,NA,NA,NA,NA,NA,NA,NA,NA,NA,NA,NA,NA,NA,NA,NA,NA
NA,NA,NA,"N/A",NA,NA,NA,NA,NA,NA,NA,NA,NA,NA,NA,NA,NA,NA,NA,NA,NA,NA,NA,NA,NA,NA,NA,NA,NA,NA,NA,NA,NA,NA,NA,NA,NA
NA,NA,NA,"N/A",NA,NA,NA,NA,NA,NA,NA,NA,NA,NA,NA,NA,NA,NA,NA,NA,NA,NA,NA,NA,NA,NA,NA,NA,NA,NA,NA,NA,NA,NA,NA,NA,NA
NA,NA,NA,"N/A",NA,NA,NA,NA,NA,NA,NA,NA,NA,NA,NA,NA,NA,NA,NA,NA,NA,NA,NA,NA,NA,NA,NA,NA,NA,NA,NA,NA,NA,NA,NA,NA,NA
NA,NA,NA,"N/A",NA,NA,NA,NA,NA,NA,NA,NA,NA,NA,NA,NA,NA,NA,NA,NA,NA,NA,NA,NA,NA,NA,NA,NA,NA,NA,NA,NA,NA,NA,NA,NA,NA
NA,NA,NA,"N/A",NA,NA,NA,NA,NA,NA,NA,NA,NA,NA,NA,NA,NA,NA,NA,NA,NA,NA,NA,NA,NA,NA,NA,NA,NA,NA,NA,NA,NA,NA,NA,NA,NA
NA,NA,NA,"N/A",NA,NA,NA,NA,NA,NA,NA,NA,NA,NA,NA,NA,NA,NA,NA,NA,NA,NA,NA,NA,NA,NA,NA,NA,NA,NA,NA,NA,NA,NA,NA,NA,NA
NA,NA,NA,"N/A",NA,NA,NA,NA,NA,NA,NA,NA,NA,NA,NA,NA,NA,NA,NA,NA,NA,NA,NA,NA,NA,NA,NA,NA,NA,NA,NA,NA,NA,NA,NA,NA,NA
NA,NA,NA,"N/A",NA,NA,NA,NA,NA,NA,NA,NA,NA,NA,NA,NA,NA,NA,NA,NA,NA,NA,NA,NA,NA,NA,NA,NA,NA,NA,NA,NA,NA,NA,NA,NA,NA
NA,NA,NA,"N/A",NA,NA,NA,NA,NA,NA,NA,NA,NA,NA,NA,NA,NA,NA,NA,NA,NA,NA,NA,NA,NA,NA,NA,NA,NA,NA,NA,NA,NA,NA,NA,NA,NA
NA,NA,NA,"N/A",NA,NA,NA,NA,NA,NA,NA,NA,NA,NA,NA,NA,NA,NA,NA,NA,NA,NA,NA,NA,NA,NA,NA,NA,NA,NA,NA,NA,NA,NA,NA,NA,NA
NA,NA,NA,"N/A",NA,NA,NA,NA,NA,NA,NA,NA,NA,NA,NA,NA,NA,NA,NA,NA,NA,NA,NA,NA,NA,NA,NA,NA,NA,NA,NA,NA,NA,NA,NA,NA,NA
NA,NA,NA,"N/A",NA,NA,NA,NA,NA,NA,NA,NA,NA,NA,NA,NA,NA,NA,NA,NA,NA,NA,NA,NA,NA,NA,NA,NA,NA,NA,NA,NA,NA,NA,NA,NA,NA
NA,NA,NA,"N/A",NA,NA,NA,NA,NA,NA,NA,NA,NA,NA,NA,NA,NA,NA,NA,NA,NA,NA,NA,NA,NA,NA,NA,NA,NA,NA,NA,NA,NA,NA,NA,NA,NA
NA,NA,NA,"N/A",NA,NA,NA,NA,NA,NA,NA,NA,NA,NA,NA,NA,NA,NA,NA,NA,NA,NA,NA,NA,NA,NA,NA,NA,NA,NA,NA,NA,NA,NA,NA,NA,NA
NA,NA,NA,"N/A",NA,NA,NA,NA,NA,NA,NA,NA,NA,NA,NA,NA,NA,NA,NA,NA,NA,NA,NA,NA,NA,NA,NA,NA,NA,NA,NA,NA,NA,NA,NA,NA,NA
NA,NA,NA,"N/A",NA,NA,NA,NA,NA,NA,NA,NA,NA,NA,NA,NA,NA,NA,NA,NA,NA,NA,NA,NA,NA,NA,NA,NA,NA,NA,NA,NA,NA,NA,NA,NA,NA
NA,NA,NA,"N/A",NA,NA,NA,NA,NA,NA,NA,NA,NA,NA,NA,NA,NA,NA,NA,NA,NA,NA,NA,NA,NA,NA,NA,NA,NA,NA,NA,NA,NA,NA,NA,NA,NA
NA,NA,NA,"N/A",NA,NA,NA,NA,NA,NA,NA,NA,NA,NA,NA,NA,NA,NA,NA,NA,NA,NA,NA,NA,NA,NA,NA,NA,NA,NA,NA,NA,NA,NA,NA,NA,NA
NA,NA,NA,"N/A",NA,NA,NA,NA,NA,NA,NA,NA,NA,NA,NA,NA,NA,NA,NA,NA,NA,NA,NA,NA,NA,NA,NA,NA,NA,NA,NA,NA,NA,NA,NA,NA,NA
NA,NA,NA,"N/A",NA,NA,NA,NA,NA,NA,NA,NA,NA,NA,NA,NA,NA,NA,NA,NA,NA,NA,NA,NA,NA,NA,NA,NA,NA,NA,NA,NA,NA,NA,NA,NA,NA
NA,NA,NA,"N/A",NA,NA,NA,NA,NA,NA,NA,NA,NA,NA,NA,NA,NA,NA,NA,NA,NA,NA,NA,NA,NA,NA,NA,NA,NA,NA,NA,NA,NA,NA,NA,NA,NA
NA,NA,NA,"N/A",NA,NA,NA,NA,NA,NA,NA,NA,NA,NA,NA,NA,NA,NA,NA,NA,NA,NA,NA,NA,NA,NA,NA,NA,NA,NA,NA,NA,NA,NA,NA,NA,NA
NA,NA,NA,"N/A",NA,NA,NA,NA,NA,NA,NA,NA,NA,NA,NA,NA,NA,NA,NA,NA,NA,NA,NA,NA,NA,NA,NA,NA,NA,NA,NA,NA,NA,NA,NA,NA,NA
NA,NA,NA,"N/A",NA,NA,NA,NA,NA,NA,NA,NA,NA,NA,NA,NA,NA,NA,NA,NA,NA,NA,NA,NA,NA,NA,NA,NA,NA,NA,NA,NA,NA,NA,NA,NA,NA
